OG,Preferred_name,Description,count,analysis,,,,,,,,,
OG0002470,AADACL4,alpha/beta hydrolase fold,2,cave_species,,,,,,,,,
OG0004409,ALOX5,Arachidonate 5-lipoxygenase,2,cave_species,,,,,,,,,
OG0005083,PIBF1,Progesterone immunomodulatory binding factor 1,2,cave_species,,,,,,,,,
OG0005171,RBMXL2,RNA binding,2,cave_species,,,,,,,,,
OG0005229,SRRM3,Serine/arginine repetitive matrix protein C-terminus,2,cave_species,,,,,,,,,
OG0005341,PTPRQ,"Protein tyrosine phosphatase, catalytic domain",2,cave_species,,,,,,,,,
OG0005492,CTAGE5,Src homology 3 domains,2,cave_species,,,,,,,,,
OG0005610,SEH1L,"Component of the Nup107-160 subcomplex of the nuclear pore complex (NPC). The Nup107-160 subcomplex is required for the assembly of a functional NPC. The Nup107-160 subcomplex is also required for normal kinetochore microtubule attachment, mitotic progression and chromosome segregation. This subunit plays a role in recruitment of the Nup107-160 subcomplex to the kinetochore",2,cave_species,,,,,,,,,
OG0005622,RASA1,GTPase-activator protein for Ras-like GTPases,2,cave_species,,,,,,,,,
OG0005648,ZBTB46,Zinc finger and BTB domain containing 46,2,cave_species,,,,,,,,,
OG0005846,CDH26,Cadherin repeats.,3,cave_species,,,,,,,,,
OG0005910,NEMF,Domain of unknown function (DUF3441),2,cave_species,,,,,,,,,
OG0005911,RPAP1,"RPAP1-like, N-terminal",2,cave_species,,,,,,,8,,4
OG0005921,DROSHA,"Drosha, ribonuclease type III",2,cave_species,,,,,,,8,24,
OG0005954,VOPP1,"Vesicular, overexpressed in cancer, prosurvival protein 1",2,cave_species,,,,,,,,,
OG0005976,TACC2,Transforming acidic coiled-coil-containing protein (TACC),2,cave_species,,,,,,,,,
OG0005990,LUZP2,leucine zipper protein,3,cave_species,,,,,,,,,
OG0006089,YTHDC2,cell cycle switching,3,cave_species,,,,,,,,,
OG0006106,Znf704,c-clamp,2,cave_species,,,,,,,,,
OG0006207,TPTE2,protein tyrosine/serine/threonine phosphatase activity,2,cave_species,,,,,,,,,
OG0006264,DNHD1,"Dynein heavy chain, N-terminal region 2",2,cave_species,,,,,,,,,
OG0006296,CUBN,EGF domain,2,cave_species,,,,,,,,,
OG0006303,SORCS2,VPS10 domain containing receptor 2,3,cave_species,,,,,,,,,
OG0006333,CFAP206,Domain of unknown function,2,cave_species,,,,,,,,,
OG0006336,CDHR2,Cadherin repeats.,2,cave_species,,,,,,,,,
OG0006416,FGG,Fibrinogen alpha/beta chain family,2,cave_species,,,,,,,,,
OG0006444,SREK1,"RNA recognition motif. (a.k.a. RRM, RBD, or RNP domain)",2,cave_species,,,,,,,,,
OG0006452,EDA,Tumour necrosis factor family.,2,cave_species,,,,,,,,,
OG0006466,TET3,Oxygenase domain of the 2OGFeDO superfamily,2,cave_species,,,,,,,,,
OG0006468,DDX31,DUF4217,2,cave_species,,,,,,,,,
OG0006476,HECTD4,Domain Homologous to E6-AP Carboxyl Terminus with,3,cave_species,,,,,,,,,
OG0006532,KTI12,Chromatin associated protein KTI12,3,cave_species,,,,,,,,,
OG0006580,SCAF11,Ring finger domain,2,cave_species,,,,,,,,,
OG0006619,RPS15,ribosomal protein,2,cave_species,,,,,,,,,
OG0006645,AFAP1,Pleckstrin homology domain.,2,cave_species,,,,,,,,,
OG0006675,VWA8,AAA domain (dynein-related subfamily),2,cave_species,,,,,,,,,
OG0006682,FARS2,Ferredoxin-fold anticodon binding domain,2,cave_species,,,,,,,,,
OG0006686,DRC1,Sperm tail C-terminal domain,3,cave_species,,,,,,,,,
OG0006703,NOL7,NUC129 domain,2,cave_species,,,,,,,,,
OG0006737,KIFC3,Belongs to the TRAFAC class myosin-kinesin ATPase superfamily. Kinesin family,2,cave_species,,,,,,,,,
OG0006738,SHF,Src homology 2 domain containing F,2,cave_species,,,,,,,,,
OG0006740,C2CD5,C2 calcium-dependent domain containing 5,2,cave_species,,,,,,,,,
OG0006742,ADGB,Calpain-like thiol protease family.,3,cave_species,,,,,,,,,
OG0006763,RRN3,nucleic acid-templated transcription,4,cave_species,,,,,,,,,
OG0006842,PPAT,Phosphoribosyl pyrophosphate amidotransferase,2,cave_species,,,,,,,,,
OG0006876,CASR,Periplasmic binding protein,2,cave_species,,,,,,,,,
OG0006890,NUP88,Nuclear pore component,2,cave_species,,,,,,,,,
OG0006910,VSIG10,Immunoglobulin V-set domain,2,cave_species,,,,,,,,,
OG0006940,RTTN,"Rotatin, an armadillo repeat protein, centriole functioning",2,cave_species,,,,,,,,,
OG0006942,EPB41L4B,FERM adjacent (FA),2,cave_species,,,,,,,,,
OG0006973,WIPF3,"protein family, member 3",4,cave_species,,,,,,,,,
OG0006983,HAUS8,"HAUS augmin-like complex, subunit 8",2,cave_species,,,,,,,,,
OG0006984,SLC2A4RG,c-clamp,2,cave_species,,,,,,,,,
OG0006986,CORIN,"Corin, serine peptidase",2,cave_species,,,,,,,,,
OG0006987,PLEKHG1,"Pleckstrin homology domain containing, family G (with RhoGef domain) member 1",2,cave_species,,,,,,,,,
OG0007033,WIPF1,WAS WASL interacting protein family member 1,2,cave_species,,,,,,,,,
OG0007050,PSMA4,subunit alpha,2,cave_species,,,,,,,,,
OG0007055,GTF2H1,"TFIIH p62 subunit, N-terminal domain",2,cave_species,,,,,,,,,
OG0007056,COL22A1,Thrombospondin N-terminal -like domains.,4,cave_species,,,,,,,,,
OG0007057,TERT,Telomerase ribonucleoprotein complex - RNA binding domain,3,cave_species,,,,,,,,,
OG0007092,SERPINC1,"Serpin peptidase inhibitor, clade C (antithrombin), member 1",2,cave_species,,,,,,,,,
OG0007095,POLRMT,DNA-directed RNA polymerase N-terminal,2,cave_species,,,,,,,,,
OG0007113,PACRG,Parkin co-regulated protein,2,cave_species,,,,,,,,,
OG0007115,FANCM,FANCM to MHF binding domain,2,cave_species,,,,,,,,,
OG0007116,MIS18BP1,SANTA (SANT Associated),2,cave_species,,,,,,,,,
OG0007153,CEP164,Centrosomal protein,2,cave_species,,,,,,,,,
OG0007155,NOX4,superoxide-generating NADPH oxidase activity,2,cave_species,,,,,,,,,
OG0007162,KIAA0753,Protein moonraker,2,cave_species,,,,,,,,,
OG0007194,CCDC178,Coiled-coil domain containing 178,2,cave_species,,,,,,,,,
OG0007206,NES,Intermediate filament protein,2,cave_species,,,,,,,,,
OG0007208,DCST2,DC-STAMP domain containing 2,2,cave_species,,,,,,,,,
OG0007217,GBA2,"beta-glucosidase 2, glycosyl-hydrolase family 116 N-term",3,cave_species,,,,,,,,,
OG0007221,SH3TC1,Src homology 3 domains,2,cave_species,,,,,,,,,
OG0007239,LRRC1,Leucine rich repeat containing 1,2,cave_species,,,,,,,,,
OG0007247,STOX1,Winged helix Storkhead-box1 domain,2,cave_species,,,,,,,,,
OG0007286,ARNTL2,Motif C-terminal to PAS motifs (likely to contribute to PAS structural domain),2,cave_species,,,,,,,,,
OG0007298,SWT1,Large family of predicted nucleotide-binding domains,2,cave_species,,,,,,,,,
OG0007314,LRRC48,Dynein regulatory complex subunit 3,2,cave_species,,,,,,,,,
OG0007315,RAI1,Retinoic acid induced 1,2,cave_species,,,,,,,,,
OG0007319,CNTNAP1,Contactin associated protein 1,3,cave_species,,,,,,,,,
OG0007346,MRPL18,"Ribosomal L18 of archaea, bacteria, mitoch. and chloroplast",2,cave_species,,,,,,,,,
OG0007351,CEP290,Centrosomal protein,2,cave_species,,,,,,,,,
OG0007352,PRMT7,Ribosomal protein L11 methyltransferase (PrmA),2,cave_species,,,,,,,,,
OG0007410,CEP78,Leucine Rich repeat,2,cave_species,,,,,,,,,
OG0007466,FRMD4A,FERM domain containing 4A,3,cave_species,,,,,,,,,
OG0007476,CCDC64,BICD family like cargo adaptor 1,2,cave_species,,,,,,,,,
OG0007492,CBWD1,ATP binding,2,cave_species,,,,,,,,,
OG0007500,ERICH3,Domain of unknown function (DUF4590),2,cave_species,,,,,,,,,
OG0007525,CLIP2,CAP_GLY,2,cave_species,,,,,,,,,
OG0007530,GAB3,Pleckstrin homology domain.,2,cave_species,,,,,,,,,
OG0007559,SRRM4,Serine/arginine repetitive matrix protein C-terminus,2,cave_species,,,,,,,,,
OG0007570,CNTRL,Leucine-rich repeat,2,cave_species,,,,,,,,,
OG0007642,SHROOM3,Apx/Shroom domain ASD1,2,cave_species,,,,,,,,,
OG0007652,PWWP2A,PWWP domain,2,cave_species,,,,,,,,,
OG0007656,SUPT6H,Transcription elongation factor that enhances transcription elongation by RNA polymerase II (RNAPII),2,cave_species,,,,,,,,,
OG0007682,UBR4,E3 ubiquitin-protein ligase UBR4,2,cave_species,,,,,,,,,
OG0007691,NFXL1,"Nuclear transcription factor, X-box",2,cave_species,,,,,,,,,
OG0007705,NCOA5,Nuclear receptor coactivator 5,2,cave_species,,,,,,,,,
OG0007721,RAVER2,RNA recognition motif,2,cave_species,,,,,,,,,
OG0007722,CACHD1,VWA N-terminal,2,cave_species,,,,,,,,,
OG0007730,RSPH9,Radial spoke head,2,cave_species,,,,,,,,,
OG0007741,FBXO18,UvrD-like helicase C-terminal domain,2,cave_species,,,,,,,,,
OG0007748,GOLGB1,Golgin subfamily B member 1,2,cave_species,,,,,,,,,
OG0007750,MDM2,"MDM2 proto-oncogene, E3 ubiquitin protein ligase",2,cave_species,,,,,,,,,
OG0007771,PHF14,PHD-zinc-finger like domain,2,cave_species,,,,,,,,,
OG0007783,ANKS1B,Ankyrin repeat and sterile alpha motif domain containing 1B,2,cave_species,,,,,,,,,
OG0007792,HMGXB3,high mobility group,2,cave_species,,,,,,,,,
OG0007817,DCP2,m7G(5')pppN diphosphatase activity,2,cave_species,,,,,,,,,
OG0007848,TCTN1,Tectonic family member 1,2,cave_species,,,,,,,,,
OG0007881,MED16,Mediator complex subunit 16,2,cave_species,,,,,,,,,
OG0007884,ANKRD24,ankyrin repeat,2,cave_species,,,,,,,,,
OG0007922,BIRC6,Belongs to the ubiquitin-conjugating enzyme family,2,cave_species,,,,,,,,,
OG0007926,POLR2A,DNA-directed 5'-3' RNA polymerase activity,2,cave_species,,,,,,,,,
OG0007956,HSPA9,negative regulation of hematopoietic stem cell differentiation,2,cave_species,,,,,,,,,
OG0007998,LRCH1,Calponin homology domain,3,cave_species,,,,,,,,,
OG0008000,GCC2,Rab binding domain,3,cave_species,,,,,,,,,
OG0008031,POPDC2,Popeye protein conserved region,3,cave_species,,,,,,,,,
OG0008037,PUS3,tRNA pseudouridine synthase,2,cave_species,,,,,,,,,
OG0008087,KLHL6,Kelch motif,2,cave_species,,,,,,,,,
OG0008091,RIPK2,Caspase recruitment domain,2,cave_species,,,,,,,,,
OG0008102,TRIP11,Thyroid hormone receptor interactor 11,3,cave_species,,,,,,,,,
OG0008110,TJAP1,Protein incorporated later into Tight Junctions,2,cave_species,,,,,,,,,
OG0008123,C10orf11,Leucine-rich repeat,3,cave_species,,,,,,,,,
OG0008144,FTO,"Dioxygenase that repairs alkylated DNA and RNA by oxidative demethylation. Has highest activity towards single- stranded RNA containing 3-methyluracil, followed by single- stranded DNA containing 3-methylthymine. Has low demethylase activity towards single-stranded DNA containing 1-methyladenine or 3-methylcytosine. Specifically demethylates N(6)-methyladenosine (m6A) RNA, the most prevalent internal modification of messenger RNA (mRNA) in higher eukaryotes. Has no activity towards 1- methylguanine. Has no detectable activity towards double-stranded DNA. Requires molecular oxygen, alpha-ketoglutarate and iron. Contributes to the regulation of the global metabolic rate, energy expenditure and energy homeostasis. Contributes to the regulation of body size and body fat accumulation",2,cave_species,,,,,,,,,
OG0008149,UACA,Ankyrin repeat,4,cave_species,,,,,,,,,
OG0008153,FA2H,Fatty acid hydroxylase superfamily,2,cave_species,,,,,,,,,
OG0008158,PCDH11X,Protocadherin on the X chromosome,2,cave_species,,,,,,,,,
OG0008160,GPC3,peptidyl-dipeptidase inhibitor activity,2,cave_species,,,,,,,,,
OG0008164,ENPP6,"Hydrolyzes lysophosphatidylcholine (LPC) to form monoacylglycerol and phosphorylcholine but not lysophosphatidic acid, showing it has a lysophospholipase C activity. Has a preference for LPC with short (12 0 and 14 0) or polyunsaturated (18 2 and 20 4) fatty acids. Also hydrolyzes glycerophosphorylcholine and sphingosylphosphorylcholine efficiently. Hydrolyzes the classical substrate for phospholipase C, p-nitrophenyl phosphorylcholine in vitro, while it does not hydrolyze the classical nucleotide phosphodiesterase substrate",2,cave_species,,,,,,,,,
OG0008191,DDB1,DNA binding protein 1,2,cave_species,,,,,,,,,
OG0008201,SPATA5,Spermatogenesis associated 5,3,cave_species,,,,,,,,,
OG0008209,TTC18,Cilia and flagella associated protein 70,2,cave_species,,,,,,,,,
OG0008244,CASS4,Cas scaffolding protein family member 4,2,cave_species,,,,,,,,,
OG0008251,SLC7A5,"Solute carrier family 7 (amino acid transporter light chain, L system), member 5",2,cave_species,,,,,,,,,
OG0008304,HSD3B1,"Hydroxy-delta-5-steroid dehydrogenase, 3 beta- and steroid delta-isomerase 1",2,cave_species,,,,,,,,,
OG0008334,RTDR1,Rhabdoid tumor deletion region,2,cave_species,,,,,,,,,
OG0008352,MMP23B,ShK toxin domain,2,cave_species,,,,,,,,,
OG0008393,N4BP2,DUF1771,3,cave_species,,,,,,,,,
OG0008396,PRSS12,scavenger receptor activity,2,cave_species,,,,,,,,,
OG0008404,KIAA0355,Domain of unknown function (DUF4745),2,cave_species,,,,,,,,,
OG0008410,DAW1,"WD domain, G-beta repeat",3,cave_species,,,,,,,,,
OG0008434,FAM208B,Protein of unknown function (DUF3715),2,cave_species,,,,,,,,,
OG0008435,MECP2,"Chromosomal protein that binds to methylated DNA. It can bind specifically to a single methyl-CpG pair. It is not influenced by sequences flanking the methyl-CpGs. Binds both 5- methylcytosine (5mC) and 5-hydroxymethylcytosine (5hmC)-containing DNA, with a preference for 5-methylcytosine (5mC)",2,cave_species,,,,,,,,,
OG0008439,NEXN,Immunoglobulin,2,cave_species,,,,,,,,,
OG0008448,DDRGK1,DDRGK,2,cave_species,,,,,,,,,
OG0008464,SPECC1,Sperm antigen with calponin homology and coiled-coil domains 1,3,cave_species,,,,,,,,,
OG0008499,TRIT1,IPP transferase,2,cave_species,,,,,,,,,
OG0008507,SUSD5,Link (Hyaluronan-binding),2,cave_species,,,,,,,,,
OG0008512,FLII,Flightless I homolog (Drosophila),3,cave_species,,,,,,,,,
OG0008514,CLSPN,Claspin isoform X1,2,cave_species,,,,,,,,,
OG0008519,KAT6A,Belongs to the MYST (SAS MOZ) family,2,cave_species,,,,,,,,,
OG0008543,POMT1,C-terminal four TMM region of protein-O-mannosyltransferase,3,cave_species,,,,,,,,,
OG0008564,CASC5,Cancer susceptibility candidate 5,3,cave_species,,,,,,,,,
OG0008584,C8orf34,chromosome 8 open reading frame 34,3,cave_species,,,,,,,,,
OG0008586,BOC,Unstructured linking region I-set and fnIII on Brother of CDO,2,cave_species,,,,,,,,,
OG0008589,STAU2,Staufen C-terminal domain,2,cave_species,,,,,,,,,
OG0008600,KIAA1429,"Virilizer, N-terminal",3,cave_species,,,,,,,,,
OG0008612,UBR5,E3 ubiquitin ligase EDD,2,cave_species,,,,,,,,,
OG0008625,XRN1,XRN 5'-3' exonuclease N-terminus,3,cave_species,,,,,,,,,
OG0008633,SIRT6,Sirtuin 6,2,cave_species,,,,,,,,,
OG0008644,SMC4,Structural maintenance of chromosomes,2,cave_species,,,,,,,,,
OG0008651,RHBDL2,Rhomboid family,2,cave_species,,,,,,,,,
OG0008655,C9orf114,Chromosome 9 open reading frame 114,2,cave_species,,,,,,,,,
OG0008663,GTF3C4,Putative zinc-finger of transcription factor IIIC complex,2,cave_species,,,,,,,,,
OG0008693,RAI14,Retinoic acid induced 14,3,cave_species,,,,,,,,,
OG0008700,DBN1,Drebrin 1,2,cave_species,,,,,,,,,
OG0008715,NCOA6,Putative nucleic acid-binding region,2,cave_species,,,,,,,,,
OG0008717,COL9A3,"Collagen, type IX, alpha 3",2,cave_species,,,,,,,,,
OG0008738,TFIP11,spliceosomal complex disassembly,2,cave_species,,,,,,,,,
OG0008761,FAM50A,"Family with sequence similarity 50, member A",3,cave_species,,,,,,,,,
OG0008763,ZRANB2,Zinc finger Ran-binding domain-containing protein 2,2,cave_species,,,,,,,,,
OG0008767,PCDH9,Protocadherin,2,cave_species,,,,,,,,,
OG0008777,DCTN2,dynactin,2,cave_species,,,,,,,,,
OG0008789,TBC1D23,embryonic brain development,2,cave_species,,,,,,,,,
OG0008798,EPS8,actin polymerization-dependent cell motility,3,cave_species,,,,,,,,,
OG0008810,TFEC,cellular response to heat,2,cave_species,,,,,,,,,
OG0008816,PODXL,Involved in the regulation of both adhesion and cell morphology and cancer progression. Function as an anti-adhesive molecule that maintains an open filtration pathway between neighboring foot processes in the podocyte by charge repulsion,3,cave_species,,,,,,,,,
OG0008828,IGF1,Insulin/IGF/Relaxin family,2,cave_species,,,,,,,,,
OG0008842,RPTOR,"Regulatory associated protein of MTOR, complex 1",2,cave_species,,,,,,,,,
OG0008845,STX8,Syntaxin 8,2,cave_species,,,,,,,,,
OG0008879,USH1C,"Domain present in PSD-95, Dlg, and ZO-1/2.",2,cave_species,,,,,,,,,
OG0008906,SIGMAR1,Sigma non-opioid intracellular receptor 1,2,cave_species,,,,,,,,,
OG0008907,CNTFR,Immunoglobulin C-2 Type,2,cave_species,,,,,,,,,
OG0008935,EXOC2,Exocyst complex component Sec5,3,cave_species,,,,,,,,,
OG0008937,FGFR1OP,FOP N terminal dimerisation domain,2,cave_species,,,,,,,,,
OG0008964,OGFOD1,2-oxoglutarate and iron-dependent oxygenase domain containing 1,2,cave_species,,,,,,,,,
OG0008966,KARS,lysyl-tRNA synthetase,2,cave_species,,,,,,,,,
OG0008992,PRAM1,Helically-extended SH3 domain,2,cave_species,,,,,,,,,
OG0009048,CDC5L,pre-mRNA splicing factor component,2,cave_species,,,,,,,,,
OG0009071,POLR3A,RNA polymerase I subunit A N-terminus,2,cave_species,,,,,,,,,
OG0009084,XRCC6,X-ray repair complementing defective repair in Chinese hamster cells 6,2,cave_species,,,,,,,,,
OG0009087,MEIOB,single-stranded DNA 3'-5' exodeoxyribonuclease activity,2,cave_species,,,,,,,,,
OG0009099,NT5M,"5' nucleotidase, deoxy (Pyrimidine), cytosolic type C protein (NT5C)",2,cave_species,,,,,,,,,
OG0009121,SIK3,SIK family kinase 3,2,cave_species,,,,,,,,,
OG0009134,RNF169,Ring finger protein 169,2,cave_species,,,,,,,,,
OG0009139,SLC46A1,Major Facilitator Superfamily,2,cave_species,,,,,,,,,
OG0009162,SYTL5,FYVE-type zinc finger,2,cave_species,,,,,,,,,
OG0009173,GPR1,7 transmembrane receptor (rhodopsin family),2,cave_species,,,,,,,,,
OG0009190,PIKFYVE,"Phosphoinositide kinase, FYVE finger containing",2,cave_species,,,,,,,,,
OG0009194,MPRIP,Myosin phosphatase Rho-interacting protein isoform X1,2,cave_species,,,,,,,,,
OG0009216,UBE3D,protein modification by small protein conjugation,2,cave_species,,,,,,,,,
OG0009242,RASIP1,Ras association (RalGDS/AF-6) domain,2,cave_species,,,,,,,,,
OG0009273,ECSIT,C-terminal domain of the ECSIT protein,2,cave_species,,,,,,,,,
OG0009274,SEC62,posttranslational protein targeting to endoplasmic reticulum membrane,2,cave_species,,,,,,,,,
OG0009297,PDE10A,phosphodiesterase 10A,2,cave_species,,,,,,,,,
OG0009329,GALM,aldose 1-epimerase activity,2,cave_species,,,,,,,,,
OG0009346,RUFY2,RUN domain,3,cave_species,,,,,,,,,
OG0009376,BEND4,BEN,2,cave_species,,,,,,,,,
OG0009379,TRPT1,tRNA phosphotransferase 1,2,cave_species,,,,,,,,,
OG0009388,FNTA,Protein prenyltransferase alpha subunit repeat,2,cave_species,,,,,,,,,
OG0009406,PPCDC,Flavoprotein,2,cave_species,,,,,,,,,
OG0009412,RFX4,Poxvirus D5 protein-like,2,cave_species,,,,,,,,,
OG0009417,C19orf47,Chromosome 19 open reading frame 47,2,cave_species,,,,,,,,,
OG0009418,CLASRP,serine arginine rich protein,3,cave_species,,,,,,,,,
OG0009444,CD164,CD164 molecule,2,cave_species,,,,,,,,,
OG0009449,HEATR2,HEAT repeat-containing protein 2,2,cave_species,,,,,,,,,
OG0009454,FBXL16,Leucine Rich repeat,2,cave_species,,,,,,,,,
OG0009471,ATXN7L3,"Component of the transcription regulatory histone acetylation (HAT) complex SAGA, a multiprotein complex that activates transcription by remodeling chromatin and mediating histone acetylation and deubiquitination. Within the SAGA complex, participates in a subcomplex that specifically deubiquitinates both histones H2A and H2B. The SAGA complex is recruited to specific gene promoters by activators such as MYC, where it is required for transcription. Required for nuclear receptor-mediated transactivation. Within the complex, it is required to recruit USP22 and ENY2 into the SAGA complex. Regulates H2B monoubiquitination (H2Bub1) levels. Affects subcellular distribution of ENY2, USP22 and ATXN7L3B",3,cave_species,,,,,,,,,
OG0009472,ASB16,SOCS_box,2,cave_species,,,,,,,,,
OG0009493,LAMB3,"Laminin, beta 3",3,cave_species,,,,,,,,,
OG0009494,ELF3,"E74-like factor 3 (ets domain transcription factor, epithelial-specific",2,cave_species,,,,,,,,,
OG0009495,BYSL,Bystin,2,cave_species,,,,,,,,,
OG0009519,IL17RD,N-terminus of interleukin 17 receptor D,2,cave_species,,,,,,,,,
OG0009528,IPO9,Importin 9,2,cave_species,,,,,,,,,
OG0009688,ELP3,"Catalytic histone acetyltransferase subunit of the RNA polymerase II elongator complex, which is a component of the RNA polymerase II (Pol II) holoenzyme and is involved in transcriptional elongation",2,cave_species,,,,,,,,,
OG0009691,SMPDL3A,Sphingomyelin phosphodiesterase,2,cave_species,,,,,,,,,
OG0009703,MAP9,regulation of mitotic cytokinesis,2,cave_species,,,,,,,,,
OG0009726,MAPK8IP2,"Phosphotyrosine-binding domain, phosphotyrosine-interaction (PI) domain",2,cave_species,,,,,,,,,
OG0009740,CUX2,CUT,2,cave_species,,,,,,,,,
OG0009754,DNTTIP2,Fcf2 pre-rRNA processing,2,cave_species,,,,,,,,,
OG0009794,DDX54,DBP10CT (NUC160) domain,2,cave_species,,,,,,,,,
OG0009817,TPCN1,Ion transport protein,3,cave_species,,,,,,,,,
OG0009818,LAS1L,Las1-like,2,cave_species,,,,,,,,,
OG0009821,PSMD3,Proteasome regulatory subunit C-terminal,2,cave_species,,,,,,,,,
OG0009829,GMIP,GTPase-activator protein for Rho-like GTPases,2,cave_species,,,,,,,,,
OG0009833,TWISTNB,SHS2 domain found in N terminus of Rpb7p/Rpc25p/MJ0397,2,cave_species,,,,,,,,,
OG0009848,WASF2,"protein family, member 2",2,cave_species,,,,,,,,,
OG0009853,MGMT,"6-O-methylguanine DNA methyltransferase, DNA binding domain",2,cave_species,,,,,,,,,
OG0009873,MFSD10,Major facilitator superfamily domain containing 10,2,cave_species,,,,,,,,,
OG0009891,SPEF2,CH-like domain in sperm protein,2,cave_species,,,,,,,,,
OG0009904,CFAP58,Cilia and flagella associated protein 58,2,cave_species,,,,,,,,,
OG0009923,CENPC,Mif2/CENP-C like,2,cave_species,,,,,,,,,
OG0009972,MIB1,Mib_herc2,2,cave_species,,,,,,,,,
OG0009980,ALG3,"Adds the first Dol-P-Man derived mannose in an alpha-1,3 linkage to Man5GlcNAc2-PP-Dol",2,cave_species,,,,,,,,,
OG0010000,MRE11A,Mre11 DNA-binding presumed domain,2,cave_species,,,,,,,,,
OG0010032,KLF4,"Zinc finger, C2H2 type",2,cave_species,,,,,,,,,
OG0010035,KIF20A,"Kinesin motor, catalytic domain. ATPase.",2,cave_species,,,,,,,,,
OG0010038,CCDC61,Coiled-coil domain containing 61,2,cave_species,,,,,,,,,
OG0010049,MPP1,regulation of neutrophil chemotaxis,2,cave_species,,,,,,,,,
OG0010097,ITIH6,Inter-alpha-trypsin inhibitor heavy chain C-terminus,2,cave_species,,,,,,,,,
OG0010103,CS,citrate synthase,2,cave_species,,,,,,,,,
OG0010112,RNF219,metal ion binding,3,cave_species,,,,,,,,,
OG0010126,RAD18,Rad18-like CCHC zinc finger,2,cave_species,,,,,,,,,
OG0010132,LRRC7,PDZ domain (Also known as DHR or GLGF),3,cave_species,,,,,,,,,
OG0010161,ANKRD16,ankyrin repeat,2,cave_species,,,,,,,,,
OG0010163,SVOPL,Sugar (and other) transporter,2,cave_species,,,,,,,,,
OG0010171,NUP107,Nuclear pore protein 84 / 107,2,cave_species,,,,,,,,,
OG0010205,KIAA1467,Family with sequence similarity 234 member B,4,cave_species,,,,,,,,,
OG0010217,CSPG4,Laminin G domain,3,cave_species,,,,,,,,,
OG0010230,SNX20,"PhoX homologous domain, present in p47phox and p40phox.",2,cave_species,,,,,,,,,
OG0010237,CEP152,Centrosomal protein,3,cave_species,,,,,,,,,
OG0010261,GALT,Galactose-1-phosphate uridylyltransferase,4,cave_species,,,,,,,,,
OG0010268,HYOU1,Belongs to the heat shock protein 70 family,2,cave_species,,,,,,,,,
OG0010270,IFT46,Intraflagellar transport complex B protein 46 C terminal,2,cave_species,,,,,,,,,
OG0010302,RNF8,histone H2A K63-linked ubiquitination,2,cave_species,,,,,,,,,
OG0010339,DPH5,Tetrapyrrole (Corrin/Porphyrin) Methylases,2,cave_species,,,,,,,,,
OG0010342,PEX6,Peroxisomal biogenesis factor 6,2,cave_species,,,,,,,,,
OG0010343,UOX,"Catalyzes the oxidation of uric acid to 5- hydroxyisourate, which is further processed to form (S)-allantoin",2,cave_species,,,,,,,,,
OG0010345,R3HDM4,R3H-associated N-terminal domain,2,cave_species,,,,,,,,,
OG0010350,CCDC50,Coiled-coil domain-containing protein 50  N-terminus,2,cave_species,,,,,,,,,
OG0010352,AMH,"Anti-Mullerian hormone, N terminal region",2,cave_species,,,,,,,,,
OG0010369,APOB,DUF1943,3,cave_species,,,,,,,,,
OG0010370,KTN1,Kinectin 1 (kinesin receptor),2,cave_species,,,,,,,,,
OG0010392,KIAA1598,endoplasmic reticulum polarization,3,cave_species,,,,,,,,,
OG0010440,NRBF2,regulation of lipid kinase activity,2,cave_species,,,,,,,,,
OG0010486,SPCS2,Signal peptidase complex subunit 2,2,cave_species,,,,,,,,,
OG0010494,NPHS1,CD80-like C2-set immunoglobulin domain,4,cave_species,,,,,,,,,
OG0010507,PMS1,PMS1 postmeiotic segregation increased 1,2,cave_species,,,,,,,,,
OG0010509,BARD1,zf-RING of BARD1-type protein,2,cave_species,,,,,,,,,
OG0010521,MAATS1,"Solute carrier (proton/amino acid symporter), TRAMD3 or PAT1",2,cave_species,,,,,,,,,
OG0010525,SHOX,Homeobox domain,2,cave_species,,,,,,,,,
OG0010550,AFF3,"AF4 FMR2 family, member 3",2,cave_species,,,,,,,,,
OG0010555,DCBLD2,"Discoidin, CUB and LCCL domain containing 2",2,cave_species,,,,,,,,,
OG0010583,SYBU,Golgi-localised syntaxin-1-binding clamp,2,cave_species,,,,,,,,,
OG0010619,C8A,membrane-attack complex / perforin,3,cave_species,,,,,,,,,
OG0010645,MTA2,"Metastasis associated 1 family, member 2",2,cave_species,,,,,,,,,
OG0010665,RFWD2,zinc-RING finger domain,2,cave_species,,,,,,,,,
OG0010680,SYT16,Protein kinase C conserved region 2 (CalB),2,cave_species,,,,,,,,,
OG0010694,ATE1,Involved in the post-translational conjugation of arginine to the N-terminal aspartate or glutamate of a protein. This arginylation is required for degradation of the protein via the ubiquitin pathway,2,cave_species,,,,,,,,,
OG0010697,PHF10,PHD finger protein 10,2,cave_species,,,,,,,,,
OG0010734,CYP2U1,Cytochrome P450,2,cave_species,,,,,,,,,
OG0010738,GAB1,binding protein 1,2,cave_species,,,,,,,,,
OG0010772,SNX25,Sorting nexin C terminal,2,cave_species,,,,,,,,,
OG0010786,PEX16,Peroxisomal membrane protein (Pex16),2,cave_species,,,,,,,,,
OG0010805,MED23,Mediator of RNA polymerase II transcription subunit 23 isoform,4,cave_species,,,,,,,,,
OG0010813,MEI4,Meiotic double-stranded break formation protein 4,3,cave_species,,,,,,,,,
OG0010843,SGSM3,RUN domain,2,cave_species,,,,,,,,,
OG0010850,SPC24,Spc24 subunit of Ndc80,2,cave_species,,,,,,,,,
OG0010853,IL27RA,Fibronectin type 3 domain,2,cave_species,,,,,,,,,
OG0010856,SEZ6L2,"Domain first found in C1r, C1s, uEGF, and bone morphogenetic protein.",2,cave_species,,,,,,,,,
OG0010885,ZBTB40,Zinc finger and BTB domain containing 40,2,cave_species,,,,,,,,,
OG0010887,MYOG,Myogenic Basic domain,2,cave_species,,,,,,,,,
OG0010897,CCDC66,regulation of protein localization to cilium,3,cave_species,,,,,,,,,
OG0010910,CSTF1,Cleavage stimulation factor,2,cave_species,,,,,,,,,
OG0010997,RCN2,EF-hand domain pair,2,cave_species,,,,,,,,,
OG0011056,VPS13A,"Vacuolar sorting-associated protein 13, N-terminal",3,cave_species,,,,,,,,,
OG0011075,FBXO16,A Receptor for Ubiquitination Targets,2,cave_species,,,,,,,,,
OG0011078,SCARA3,Collagen triple helix repeat (20 copies),2,cave_species,,,,,,,,,
OG0011085,CFAP36,The ARF-like 2 binding protein BART,2,cave_species,,,,,,,,,
OG0011087,TMEM154,TMEM154 protein family,2,cave_species,,,,,,,,,
OG0011099,GATM,Glycine amidinotransferase (L-arginine glycine amidinotransferase),3,cave_species,,,,,,,,,
OG0011123,DALRD3,DALR anticodon binding domain containing 3,2,cave_species,,,,,,,,,
OG0011136,UTP14A,Utp14 protein,3,cave_species,,,,,,,,,
OG0011140,GUSB,beta-glucuronidase activity,2,cave_species,,,,,,,,,
OG0011167,NA,NA,3,cave_species,,,,,,,,,
OG0011172,CTNNAL1,cadherin binding,2,cave_species,,,,,,,,,
OG0011188,RNF215,RING-like zinc finger,2,cave_species,,,,,,,,,
OG0011193,ABCA2,"AAA domain, putative AbiEii toxin, Type IV TA system",2,cave_species,,,,,,,,,
OG0011206,PXMP2,Mpv17 / PMP22 family,2,cave_species,,,,,,,,,
OG0011214,ALKBH5,RNA demethylase,2,cave_species,,,,,,,,,
OG0011240,KNOP1,Small acidic protein family,2,cave_species,,,,,,,,,
OG0011289,IGSF10,Leucine rich repeat N-terminal domain,3,cave_species,,,,,,,,,
OG0011298,CAST,calpastatin,3,cave_species,,,,,,,,,
OG0011313,GEMIN5,Gem (nuclear organelle) associated protein 5,2,cave_species,,,,,,,,,
OG0011317,BOP1,BOP1NT (NUC169) domain,2,cave_species,,,,,,,,,
OG0011324,CMTR1,cap1 mRNA methylation,2,cave_species,,,,,,,,,
OG0011336,USP21,Belongs to the peptidase C19 family,2,cave_species,,,,,,,,,
OG0011344,CTC1,"Component of the CST complex proposed to act as a specialized replication factor promoting DNA replication under conditions of replication stress or natural replication barriers such as the telomere duplex. The CST complex binds single-stranded DNA with high affinity in a sequence-independent manner, while isolated subunits bind DNA with low affinity by themselves. Initially the CST complex has been proposed to protect telomeres from DNA degradation. However, the CST complex has been shown to be involved in several aspects of telomere replication. The CST complex inhibits telomerase and is involved in telomere length homeostasis",2,cave_species,,,,,,,,,
OG0011345,WDR63,WD40 repeats,3,cave_species,,,,,,,,,
OG0011362,COL7A1,Kunitz/Bovine pancreatic trypsin inhibitor domain,3,cave_species,,,,,,,,,
OG0011367,SHQ1,SHQ1 protein,3,cave_species,,,,,,,,,
OG0011369,GLYCTK,Glycerate kinase,2,cave_species,,,,,,,,,
OG0011387,C1orf159,Domain of unknown function (DUF4501),2,cave_species,,,,,,,,,
OG0011392,-,Belongs to the peptidase C19 family,2,cave_species,,,,,,,,,
OG0011393,ATG4C,Cysteine protease required for the cytoplasm to vacuole transport (Cvt) and autophagy,2,cave_species,,,,,,,,,
OG0011398,VEZT,myosin binding,2,cave_species,,,,,,,,,
OG0011414,KMT2E,"SET (Su(var)3-9, Enhancer-of-zeste, Trithorax) domain",3,cave_species,,,,,,,,,
OG0011418,ACOX1,acyl-CoA oxidase activity,3,cave_species,,,,,,,,,
OG0011439,WBP11,WW domain binding protein 11,3,cave_species,,,,,,,,,
OG0011467,DUS3L,Dihydrouridine synthase (Dus),3,cave_species,,,,,,,,,
OG0011470,PHAX,PHAX RNA-binding domain,3,cave_species,,,,,,,,,
OG0011474,HLCS,Biotin--protein ligase,3,cave_species,,,,,,,,,
OG0011483,CNNM3,Cyclin and CBS domain divalent metal cation transport mediator 3,2,cave_species,,,,,,,,,
OG0011489,USP25,Belongs to the peptidase C19 family,3,cave_species,,,,,,,,,
OG0011510,ASPSCR1,"Alveolar soft part sarcoma chromosome region, candidate 1",3,cave_species,,,,,,,,,
OG0011522,APC2,"Coiled-coil N-terminus of APC, dimerisation domain",2,cave_species,,,,,,,,,
OG0011530,HAP1,Huntingtin-associated protein 1,2,cave_species,,,,,,,,,
OG0011534,IMMP1L,Peptidase S24-like,2,cave_species,,,,,,,,,
OG0011545,KIF28P,Belongs to the TRAFAC class myosin-kinesin ATPase superfamily. Kinesin family,3,cave_species,,,,,,,,,
OG0011556,DNAJC17,DnaJ domain,3,cave_species,,,,,,,,,
OG0011577,RLF,"Zinc finger, C2H2 type",2,cave_species,,,,,,,,,
OG0011620,FAM199X,Protein family FAM199X,2,cave_species,,,,,,,,,
OG0011630,NUP160,Nucleoporin Nup120/160,2,cave_species,,,,,,,,,
OG0011640,TXNDC17,Thioredoxin domain-containing protein 17,2,cave_species,,,,,,,,,
OG0011676,TRIM45,B-Box-type zinc finger,2,cave_species,,,,,,,,,
OG0011680,COMMD6,COMM domain,2,cave_species,,,,,,,,,
OG0011682,OFD1,"OFD1, centriole and centriolar satellite protein",3,cave_species,,,,,,,,,
OG0011701,CYP7B1,"Cytochrome P450, family 7, subfamily B, polypeptide 1",3,cave_species,,,,,,,,,
OG0011702,DCTN3,dynactin,2,cave_species,,,,,,,,,
OG0011712,HACE1,HECT-domain (ubiquitin-transferase),2,cave_species,,,,,,,,,
OG0011714,CNOT10,Tetratricopeptide repeat,2,cave_species,,,,,,,,,
OG0011722,EFNA4,Belongs to the ephrin family,2,cave_species,,,,,,,,,
OG0011766,BLVRA,"Reduces the gamma-methene bridge of the open tetrapyrrole, biliverdin IX alpha, to bilirubin with the concomitant oxidation of a NADH or NADPH cofactor",2,cave_species,,,,,,,,,
OG0011769,FAM73A,Mitoguardin,2,cave_species,,,,,,,,,
OG0011791,CCDC172,coiled-coil domain containing 172,2,cave_species,,,,,,,,,
OG0011794,C10orf54,Immunoglobulin V-set domain,2,cave_species,,,,,,,,,
OG0011798,ANAPC1,"complex, subunit",3,cave_species,,,,,,,,,
OG0011801,DLK2,Protein delta homolog 2,2,cave_species,,,,,,,,,
OG0011805,MANBA,"Glycosyl hydrolases family 2, sugar binding domain",2,cave_species,,,,,,,,,
OG0011812,PROM2,Prominin,3,cave_species,,,,,,,,,
OG0011840,EFCAB6,calcium ion binding,2,cave_species,,,,,,,,,
OG0011870,PDPR,Aminomethyltransferase folate-binding domain,3,cave_species,,,,,,,,,
OG0011898,WDR1,"WD domain, G-beta repeat",3,cave_species,,,,,,,,,
OG0011940,ARHGEF3,Rho guanyl-nucleotide exchange factor activity,2,cave_species,,,,,,,,,
OG0011941,MCM2,Mini-chromosome maintenance protein 2,3,cave_species,,,,,,,,,
OG0011952,FMR1,negative regulation of long term synaptic depression,2,cave_species,,,,,,,,,
OG0011995,ID4,"Inhibitor of DNA binding 4, dominant negative helix-loop-helix protein",2,cave_species,,,,,,,,,
OG0012017,NFE2,nuclear factor,2,cave_species,,,,,,,,,
OG0012158,SLC31A1,"Solute carrier family 31 (copper transporter), member 1",2,cave_species,,,,,,,,,
OG0012159,STIP1,Heat shock chaperonin-binding motif.,3,cave_species,,,,,,,,,
OG0012183,KDM8,Lysine (K)-specific demethylase 8,2,cave_species,,,,,,,,,
OG0012192,SNRNP27,U4 U6.U5 small nuclear ribonucleoprotein 27 kDa protein,3,cave_species,,,,,,,,,
OG0012193,GNB1L,"WD domain, G-beta repeat",2,cave_species,,,,,,,,,
OG0012209,ARL6IP4,Nuclear RNA-splicing-associated protein,2,cave_species,,,,,,,,,
OG0012211,MVK,GHMP kinases C terminal,2,cave_species,,,,,,,,,
OG0012214,FGB,Fibrinogen alpha/beta chain family,2,cave_species,,,,,,,,,
OG0012216,FASTKD2,mitochondrial large ribosomal subunit assembly,2,cave_species,,,,,,,,,
OG0012221,TMCO3,Transmembrane and coiled-coil domains 3,3,cave_species,,,,,,,,,
OG0012231,MYCBPAP,MYCBP-associated protein family,3,cave_species,,,,,,,,,
OG0012250,HPN,pilomotor reflex,3,cave_species,,,,,,,,,
OG0012255,IL20RB,"Interferon-alpha/beta receptor, fibronectin type III",3,cave_species,,,,,,,,,
OG0012259,ZNF236,Zinc-finger of C2H2 type,2,cave_species,,,,,,,,,
OG0012260,RIOK1,RIO-like kinase,2,cave_species,,,,,,,,,
OG0012275,SEMA4D,semaphorin domain,2,cave_species,,,,,,,,,
OG0012287,NOP14,Nop14-like family,2,cave_species,,,,,,,,,
OG0012307,TTLL9,Tubulin-tyrosine ligase family,2,cave_species,,,,,,,,,
OG0012316,ZFP64,Zinc finger protein,2,cave_species,,,,,,,,,
OG0012339,FOXP2,putamen development,3,cave_species,,,,,,,,,
OG0012379,SLC35B4,UDP-xylose transmembrane transporter activity,2,cave_species,,,,,,,,,
OG0012388,MPI,mannoprotein metabolic process,2,cave_species,,,,,,,,,
OG0012437,ZGPAT,glycine rich nucleic binding domain,2,cave_species,,,,,,,,,
OG0012440,SLC6A5,Sodium:neurotransmitter symporter family,3,cave_species,,,,,,,,,
OG0012448,-,SOUL heme-binding protein,2,cave_species,,,,,,,,,
OG0012454,C2orf43,"Serine lipid hydrolase associated with lipid droplets. Highly expressed in macrophage-rich areas in atherosclerotic lesions, suggesting that it could promote cholesterol ester turnover in macrophages",2,cave_species,,,,,,,,,
OG0012466,DDX24,DEAD (Asp-Glu-Ala-Asp) box,2,cave_species,,,,,,,,,
OG0012470,RBKS,Phosphomethylpyrimidine kinase,2,cave_species,,,,,,,,,
OG0012471,-,Si dkey-16j16.4,2,cave_species,,,,,,,,,
OG0012475,C16orf62,Chromosome 16 open reading frame,4,cave_species,,,,,,,,,
OG0012492,METTL9,DREV methyltransferase,2,cave_species,,,,,,,,,
OG0012495,PEMT,Phospholipid methyltransferase,3,cave_species,,,,,,,,,
OG0012513,MFRP,eye photoreceptor cell development,3,cave_species,,,,,,,,,
OG0012520,ASNSD1,Asparagine synthase,2,cave_species,,,,,,,,,
OG0012526,TSC22D1,nucleic acid-templated transcription,2,cave_species,,,,,,,,,
OG0012534,BCS1L,BCS1 N terminal,2,cave_species,,,,,,,,,
OG0012543,ABCD4,ABC transporter transmembrane region 2,3,cave_species,,,,,,,,,
OG0012550,TAF2,Peptidase family M1 domain,3,cave_species,,,,,,,,,
OG0012551,XRCC2,X-ray repair complementing defective repair in Chinese hamster cells 2,2,cave_species,,,,,,,,,
OG0012577,ARHGEF11,Rho guanine nucleotide exchange factor,3,cave_species,,,,,,,,,
OG0012587,LARP7,RNA binding motif,2,cave_species,,,,,,,,,
OG0012603,WDR35,"Component of the IFT complex A (IFT-A), a complex required for retrograde ciliary transport. Required for ciliogenesis. May promote CASP3 activation and TNF-stimulated apoptosis",3,cave_species,,,,,,,,,
OG0012616,GSTCD,"Glutathione S-transferase, C-terminal domain containing",2,cave_species,,,,,,,,,
OG0012622,METTL15,methyltransferase activity,2,cave_species,,,,,,,,,
OG0012624,TRPM5,Ion transport protein,3,cave_species,,,,,,,,,
OG0012635,CENPU,CENP-A nucleosome associated complex (NAC) subunit,2,cave_species,,,,,,,,,
OG0012638,SF3B3,Mono-functional DNA-alkylating methyl methanesulfonate N-term,2,cave_species,,,,,,,,,
OG0012652,RPF2,Ribosome production factor 2 homolog,2,cave_species,,,,,,,,,
OG0012692,TMEM43,nuclear membrane organization,2,cave_species,,,,,,,,,
OG0012695,SETMAR,Transposase (partial DDE domain),2,cave_species,,,,,,,,,
OG0012702,ARFGAP1,factor GTPase activating protein 1,2,cave_species,,,,,,,,,
OG0012712,NOL8,nucleolar protein 8,2,cave_species,,,,,,,,,
OG0012719,KIAA1210,Domain of unknown function (DUF4592),2,cave_species,,,,,,,,,
OG0012750,FHIT,HIT domain,3,cave_species,,,,,,,,,
OG0012758,RGS22,Regulator of G-protein signaling 22,5,cave_species,,,,,,,,,
OG0012788,MAP10,Protein of unknown function (DUF4497),2,cave_species,,,,,,,,,
OG0012859,DDX51,helicase superfamily c-terminal domain,2,cave_species,,,,,,,,,
OG0012860,EIF2D,translation initiation factor activity,3,cave_species,,,,,,,,,
OG0012862,IFT122,"WD domain, G-beta repeat",3,cave_species,,,,,,,,,
OG0012867,CEBPZ,CBF/Mak21 family,2,cave_species,,,,,,,,,
OG0012868,PEX7,Peroxisomal biogenesis factor 7,2,cave_species,,,,,,,,,
OG0012909,FIGLA,Helix-loop-helix DNA-binding domain,2,cave_species,,,,,,,,,
OG0012923,-,Acyclic terpene utilisation family protein AtuA,3,cave_species,,,,,,,,,
OG0012929,LIG4,DNA ligase (ATP) activity,3,cave_species,,,,,,,,,
OG0012939,-,"Leucine-rich repeats, outliers",2,cave_species,,,,,,,,,
OG0012942,LRRC36,Leucine rich repeat containing 36,2,cave_species,,,,,,,,,
OG0012952,IFT80,WD40 repeats,2,cave_species,,,,,,,,,
OG0012997,RPA3OS,UBAP1-MVB12-associated (UMA) domain containing 1,2,cave_species,,,,,,,,,
OG0013004,-,-,2,cave_species,,,,,,,,,
OG0013047,TFB1M,"rRNA (adenine-N6,N6-)-dimethyltransferase activity",2,cave_species,,,,,,,,,
OG0013049,EFCAB2,"EF-hand, calcium binding motif",2,cave_species,,,,,,,,,
OG0013058,RPS6KL1,protein serine/threonine kinase activity,2,cave_species,,,,,,,,,
OG0013060,MORN2,"Possible plasma membrane-binding motif in junctophilins, PIP-5-kinases and protein kinases.",2,cave_species,,,,,,,,,
OG0013069,PRODH2,Proline dehydrogenase,3,cave_species,,,,,,,,,
OG0013080,CHMP1A,Charged multivesicular body protein 1a,2,cave_species,,,,,,,,,
OG0013090,AGMO,Fatty acid hydroxylase superfamily,2,cave_species,,,,,,,,,
OG0013095,EFHC2,"Domains in hypothetical proteins in Drosophila, C. elegans and mammals. Occurs singly in some nucleoside diphosphate kinases.",2,cave_species,,,,,,,,,
OG0013104,VTCN1,Immunoglobulin V-set domain,2,cave_species,,,,,,,,,
OG0013108,COG3,oligomeric golgi complex,3,cave_species,,,,,,,,,
OG0013109,RBBP8,Tumour-suppressor protein CtIP N-terminal domain,3,cave_species,,,,,,,,,
OG0013116,THEM5,Thioesterase superfamily,2,cave_species,,,,,,,,,
OG0013140,TYMS,Thymidylate synthetase,2,cave_species,,,,,,,,,
OG0013148,LRRC27,"Leucine-rich repeats, typical (most populated) subfamily",2,cave_species,,,,,,,,,
OG0013164,LONP2,ATP-dependent peptidase activity,2,cave_species,,,,,,,,,
OG0013166,CETP,Cholesteryl ester transfer protein,3,cave_species,,,,,,,,,
OG0013169,CMC2,Cytochrome c oxidase biogenesis protein Cmc1 like,2,cave_species,,,,,,,,,
OG0013176,FIG4,FIG4 phosphoinositide 5-phosphatase,3,cave_species,,,,,,,,,
OG0013192,MRPL20,Ribosomal protein L20,2,cave_species,,,,,,,,,
OG0013204,MALSU1,Ribosomal silencing factor during starvation,2,cave_species,,,,,,,,,
OG0013247,C5,A-macroglobulin receptor,2,cave_species,,,,,,,,,
OG0013335,PNPT1,mitochondrial mRNA polyadenylation,2,cave_species,,,,,,,,,
OG0013399,KIAA2026,bromo domain,3,cave_species,,,,,,,,,
OG0013406,FBXW12,F-box-like,3,cave_species,,,,,,,,,
OG0013410,EPM2A,"Dual specificity phosphatase, catalytic domain",2,cave_species,,,,,,,,,
OG0013417,TMEM214,Transmembrane protein 214,2,cave_species,,,,,,,,,
OG0013420,CRELD2,Furin-like repeats,2,cave_species,,,,,,,,,
OG0013424,TAB1,TGF-beta activated kinase 1 MAP3K7 binding protein 1,2,cave_species,,,,,,,,,
OG0013464,SLC25A21,transmembrane transport,3,cave_species,,,,,,,,,
OG0013493,NEK5,NIMA-related kinase 5,2,cave_species,,,,,,,,,
OG0013496,RAB3GAP1,Rab3 GTPase-activating protein catalytic subunit,3,cave_species,,,,,,,,,
OG0013509,ECHDC1,methylmalonyl-CoA decarboxylase activity,2,cave_species,,,,,,,,,
OG0013544,-,Pyridoxal-phosphate dependent enzyme,5,cave_species,,,,,,,,,
OG0013568,C4orf45,Domain of unknown function (DUF4562),2,cave_species,,,,,,,,,
OG0013585,IQCK,IQ motif containing K,2,cave_species,,,,,,,,,
OG0013586,-,Cryptochrome DASH-like,2,cave_species,,,,,,,,,
OG0013603,FANCF,"Fanconi anemia, complementation group F",2,cave_species,,,,,,,,,
OG0013715,CENPM,Centromere protein M,2,cave_species,,,,,,,,,
OG0013727,CD8A,Immunoglobulin V-set domain,2,cave_species,,,,,,,,,
OG0013737,CHD1L,Chromodomain helicase DNA binding protein,2,cave_species,,,,,,,,,
OG0013760,PDCD7,programmed cell death,2,cave_species,,,,,,,,,
OG0013770,ACP7,"Purple acid Phosphatase, N-terminal domain",2,cave_species,,,,,,,,,
OG0013776,MRPL33,Mitochondrial ribosomal protein L33,2,cave_species,,,,,,,,,
OG0013833,EVC,Creveld syndrome,5,cave_species,,,,,,,,,
OG0013976,-,Belongs to the G-protein coupled receptor 1 family,2,cave_species,,,,,,,,,
OG0014106,PARK2,In Between Ring fingers,2,cave_species,,,,,,,,,
OG0014160,CCDC185,Coiled-coil domain containing 185,3,cave_species,,,,,,,,,
OG0014439,-,Si ch211-157b11.8,2,cave_species,,,,,,,,,
OG0014494,KLF1,"Erythroid krueppel-like transcription factor, transactivation 1",2,cave_species,,,,,,,,,
